category name , create category , update category , , content name , content username , content password , content description , content create , content update 

a , 2023-03-21 14:54:46 , 2023-03-21 14:54:46 , , a , --- , --- , --- , 2023-03-21 14:55:24 , 2023-03-21 14:55:24 
a , 2023-03-21 14:54:46 , 2023-03-21 14:54:46 , , aa , --- , --- , --- , 2023-03-21 14:55:30 , 2023-03-21 14:55:30 
a , 2023-03-21 14:54:46 , 2023-03-21 14:54:46 , , aaa , --- , --- , --- , 2023-03-21 14:55:16 , 2023-03-21 14:55:16 

b , 2023-03-21 14:55:09 , 2023-03-21 14:55:09 , , b , --- , --- , --- , 2023-03-21 14:55:35 , 2023-03-21 14:55:35 
b , 2023-03-21 14:55:09 , 2023-03-21 14:55:09 , , bb , --- , --- , --- , 2023-03-21 14:55:48 , 2023-03-21 14:55:48 
b , 2023-03-21 14:55:09 , 2023-03-21 14:55:09 , , bbb , --- , --- , --- , 2023-03-21 14:55:42 , 2023-03-21 14:55:42 

